shipment_id,producer_id,milk_quantity_litres,temperature_history,packaging_type,packaging_performance,distance_km,travel_time_minutes,number_of_stops,maximum_safe_temperature_c,initial_thermal_life_hours
SHIP-001,PROD-101,140.0,3.8;3.9;4.0;4.1,Standard Canister,0.85,12.0,25.0,1,6.0,14.0
SHIP-002,PROD-102,280.0,3.5;3.6;3.6;3.7,Insulated Tank,0.95,18.0,35.0,2,6.0,16.0
SHIP-003,PROD-103,90.0,4.2;5.1;5.8;6.4,Uninsulated Jug,0.4,42.0,80.0,4,6.0,10.0
SHIP-004,PROD-104,320.0,4.0;4.0;4.1;4.2,Cooled Canister,0.9,8.0,18.0,1,6.0,15.0
SHIP-005,PROD-105,110.0,4.5;5.0;5.5;5.9,Standard Canister,0.7,34.0,65.0,3,6.0,11.0
SHIP-006,PROD-106,75.0,5.0;5.8;6.8;7.4,Uninsulated Jug,0.35,28.0,55.0,3,6.0,8.0
SHIP-007,PROD-107,450.0,3.6;3.7;3.8;3.9,Insulated Tank,0.92,15.0,30.0,2,6.0,18.0
SHIP-008,PROD-108,160.0,4.1;4.4;4.8;5.2,Standard Canister,0.75,22.0,45.0,2,6.0,12.0
SHIP-009,PROD-109,85.0,4.8;5.6;6.2;6.9;7.2,Uninsulated Jug,0.45,50.0,95.0,5,6.0,9.0
SHIP-010,PROD-110,210.0,3.9;4.0;4.0;4.1,Cooled Canister,0.88,14.0,28.0,1,6.0,13.0
SHIP-011,PROD-111,130.0,4.4;5.2;5.7;6.1,Standard Canister,0.65,38.0,70.0,3,6.0,10.0
SHIP-012,PROD-112,310.0,3.7;3.8;3.8;3.9,Insulated Tank,0.94,25.0,48.0,2,6.0,16.0
SHIP-013,PROD-113,95.0,5.2;6.1;6.7;7.5;8.1,Uninsulated Jug,0.38,19.0,40.0,2,6.0,8.0
SHIP-014,PROD-114,260.0,4.0;4.1;4.1;4.2,Cooled Canister,0.89,11.0,22.0,1,6.0,14.0
SHIP-015,PROD-115,175.0,4.3;4.7;5.3;5.7,Standard Canister,0.72,29.0,58.0,3,6.0,11.5
SHIP-016,PROD-116,120.0,4.6;5.4;6.0;6.3,Standard Canister,0.68,45.0,85.0,4,6.0,10.5
SHIP-017,PROD-117,390.0,3.4;3.5;3.6;3.6,Insulated Tank,0.96,16.0,32.0,1,6.0,17.0
SHIP-018,PROD-118,65.0,4.9;5.7;6.3;6.8,Uninsulated Jug,0.42,31.0,62.0,3,6.0,9.5
SHIP-019,PROD-119,225.0,3.8;3.9;4.0;4.2,Cooled Canister,0.87,20.0,40.0,2,6.0,13.5
SHIP-020,PROD-120,150.0,4.2;4.6;5.1;5.5,Standard Canister,0.74,26.0,52.0,2,6.0,12.0
SHIP-021,PROD-121,80.0,5.1;5.9;6.6;7.3,Uninsulated Jug,0.36,36.0,72.0,4,6.0,8.5
SHIP-022,PROD-122,340.0,3.7;3.8;3.9;4.0,Insulated Tank,0.93,23.0,44.0,2,6.0,15.0
SHIP-023,PROD-123,105.0,4.5;5.3;5.9;6.2,Standard Canister,0.69,40.0,78.0,3,6.0,10.0
SHIP-024,PROD-124,290.0,3.9;4.0;4.1;4.1,Cooled Canister,0.91,13.0,26.0,1,6.0,14.5
SHIP-025,PROD-125,145.0,4.3;4.9;5.4;5.8,Standard Canister,0.71,33.0,64.0,3,6.0,11.0
SHIP-026,PROD-126,190.0,4.1;4.2;4.3;4.4,Cooled Canister,0.86,21.0,42.0,2,6.0,13.0
SHIP-027,PROD-127,160.0,,Standard Canister,0.75,27.0,50.0,2,6.0,12.0
SHIP-028,PROD-128,200.0,3.8;3.9;4.0;4.1,Insulated Tank,0.92,,,3,6.0,15.0
